AUSTIN,73301
AUSTIN,73344
ADDISON,75001
ALLEN,75002
CARROLLTON,75006
CARROLLTON,75007
CELINA,75009
CARROLLTON,75010
CARROLLTON,75011
ALLEN,75013
IRVING,75014
IRVING,75015
IRVING,75016
IRVING,75017
COPPELL,75019
DENISON,75020
DENISON,75021
FLOWER MOUND,75022
LEWISVILLE,75022
PLANO,75023
PLANO,75024
PLANO,75025
PLANO,75026
LEWISVILLE,75027
FLOWER MOUND,75027
LEWISVILLE,75028
FLOWER MOUND,75028
LEWISVILLE,75029
ROWLETT,75030
HEATH,75032
ROCKWALL,75032
FRISCO,75034
THE COLONY,75034
FRISCO,75035
IRVING,75037
IRVING,75038
IRVING,75039
GARLAND,75040
GARLAND,75041
GARLAND,75042
GARLAND,75043
GARLAND,75044
GARLAND,75045
GARLAND,75046
GARLAND,75047
SACHSE,75048
GARLAND,75048
GARLAND,75049
GRAND PRAIRIE,75050
GRAND PRAIRIE,75051
GRAND PRAIRIE,75052
GRAND PRAIRIE,75053
GRAND PRAIRIE,75054
THE COLONY,75056
LEWISVILLE,75056
LEWISVILLE,75057
GUNTER,75058
IRVING,75060
IRVING,75061
IRVING,75062
IRVING,75063
HICKORY CREEK,75065
LAKE DALLAS,75065
LEWISVILLE,75067
LOUISVILLE,75067
LITTLE ELM,75068
OAK POINT,75068
LAKEWOOD VILLAGE,75068
FAIRVIEW,75069
MCKINNEY,75069
MCKINNEY,75070
MELISSA,75071
MCKINNEY,75071
PLANO,75074
MURPHY,75074
PLANO,75075
FINK,75076
POTTSBORO,75076
HIGHLAND VILLAGE,75077
COPPER CANYON,75077
DOUBLE OAK,75077
LEWISVILLE,75077
PROSPER,75078
BUCKINGHAM,75080
RICHARDSON,75080
RICHARDSON,75081
RICHARDSON,75082
RICHARDSON,75083
RICHARDSON,75085
PLANO,75086
ROCKWALL,75087
ROWLETT,75088
ROWLETT,75089
SHERMAN,75090
SHERMAN,75091
SHERMAN,75092
PLANO,75093
PLANO,75094
MURPHY,75094
WESTON,75097
SAINT PAUL,75098
WYLIE,75098
COPPELL,75099
BARDWELL,75101
BARRY,75102
CANTON,75103
CEDAR HILL,75104
CHATFIELD,75105
CEDAR HILL,75106
CORSICANA,75109
NAVARRO,75110
CORSICANA,75110
CRANDALL,75114
DESOTO,75115
DUNCANVILLE,75116
EDGEWOOD,75117
ELMO,75118
ENNIS,75119
ENNIS,75120
COPEVILLE,75121
DESOTO,75123
EUSTACE,75124
FERRIS,75125
HEARTLAND,75126
FORNEY,75126
HEATHRIDGE,75126
FRUITVALE,75127
FATE,75132
LANCASTER,75134
CADDO MILLS,75135
DUNCANVILLE,75137
DUNCANVILLE,75138
GRAND SALINE,75140
HUTCHINS,75141
KAUFMAN,75142
KEMP,75143
SEVEN POINTS,75143
KERENS,75144
LANCASTER,75146
GUN BARREL CITY,75147
MABANK,75147
LOG CABIN,75148
MALAKOFF,75148
MESQUITE,75149
MESQUITE,75150
CORSICANA,75151
PALMER,75152
POWELL,75153
RED OAK,75154
OAK LEAF,75154
OVILLA,75154
GLENN HEIGHTS,75154
RICE,75155
GUN BARREL CITY,75156
MABANK,75156
ENCHANTED OAK,75156
ENCHANTED OAKS,75156
ROSSER,75157
SCURRY,75158
SEAGOVILLE,75159
COMBINE,75159
TERRELL,75160
TERRELL,75161
TRINIDAD,75163
JOSEPHINE,75164
WAXAHACHIE,75165
LAVON,75166
WAXAHACHIE,75167
WAXAHACHIE,75168
WILLS POINT,75169
WILMER,75172
NEVADA,75173
BALCH SPRINGS,75180
MESQUITE,75180
MESQUITE,75181
MESQUITE,75182
SUNNYVALE,75182
MESQUITE,75185
MESQUITE,75187
ROYSE CITY,75189
DALLAS,75201
DALLAS,75202
DALLAS,75203
DALLAS,75204
VILLAGE,75205
HIGHLAND PARK,75205
UNIVERSITY PARK,75205
DALLAS,75205
DALLAS,75206
DALLAS,75207
DALLAS,75208
DALLAS,75209
HIGHLAND PARK,75209
DALLAS,75210
DALLAS,75211
COCKRELL HILL,75211
DALLAS,75212
DALLAS,75214
DALLAS,75215
DALLAS,75216
DALLAS,75217
DALLAS,75218
HIGHLAND PARK,75219
DALLAS,75219
DALLAS,75220
DALLAS,75221
DALLAS,75222
DALLAS,75223
DALLAS,75224
DALLAS,75225
DALLAS,75226
DALLAS,75227
DALLAS,75228
DALLAS,75229
DALLAS,75230
DALLAS,75231
DALLAS,75232
DALLAS,75233
FARMERS BRANCH,75234
DALLAS,75234
DALLAS,75235
DALLAS,75236
DALLAS,75237
DALLAS,75238
DALLAS,75240
DALLAS,75241
DALLAS,75242
DALLAS,75243
NORTH BRANCH,75244
DALLAS,75244
FARMERS BRANCH,75244
DALLAS,75245
DALLAS,75246
DALLAS,75247
DALLAS,75248
DALLAS,75249
DALLAS,75250
DALLAS,75251
PRESTONWOOD,75252
DALLAS,75252
KLEBERG,75253
DALLAS,75253
DALLAS,75254
DALLAS,75258
DALLAS,75260
DALLAS,75261
DALLAS,75262
DALLAS,75263
DALLAS,75264
DALLAS,75265
DALLAS,75266
DALLAS,75267
DALLAS,75270
DALLAS,75275
DALLAS,75277
DALLAS,75283
DALLAS,75284
DALLAS,75285
DALLAS,75286
DALLAS,75287
DALLAS,75301
DALLAS,75303
DALLAS,75310
DALLAS,75312
DALLAS,75313
DALLAS,75315
DALLAS,75320
DALLAS,75323
DALLAS,75326
DALLAS,75334
DALLAS,75336
KLEBERG,75336
DALLAS,75339
DALLAS,75340
DALLAS,75342
DALLAS,75343
DALLAS,75344
DALLAS,75353
DALLAS,75354
DALLAS,75355
DALLAS,75356
DALLAS,75357
DALLAS,75358
DALLAS,75359
DALLAS,75360
DALLAS,75363
DALLAS,75364
DALLAS,75367
DALLAS,75368
DALLAS,75370
DALLAS,75371
DALLAS,75372
DALLAS,75373
DALLAS,75374
DALLAS,75376
DALLAS,75378
DALLAS,75379
DALLAS,75380
DALLAS,75381
DALLAS,75382
DALLAS,75386
DALLAS,75387
DALLAS,75388
DALLAS,75389
DALLAS,75390
DALLAS,75391
DALLAS,75392
DALLAS,75393
DALLAS,75394
DALLAS,75395
DALLAS,75396
DALLAS,75397
DALLAS,75398
FLOYD,75401
GREENVILLE,75401
GREENVILLE,75402
GREENVILLE,75403
GREENVILLE,75404
PRINCETON,75407
ANNA,75409
ALBA,75410
ARTHUR CITY,75411
BAGWELL,75412
BAILEY,75413
BELLS,75414
BEN FRANKLIN,75415
BLOSSOM,75416
BOGATA,75417
BONHAM,75418
BRASHEAR,75420
BROOKSTON,75421
CAMPBELL,75422
CELESTE,75423
BLUE RIDGE,75424
CHICOTA,75425
CLARKSVILLE,75426
COMMERCE,75428
COMMERCE,75429
COMO,75431
COOPER,75432
CUMBY,75433
CUNNINGHAM,75434
DEPORT,75435
DETROIT,75436
DIKE,75437
DODD CITY,75438
ECTOR,75439
EMORY,75440
ENLOE,75441
FARMERSVILLE,75442
GOBER,75443
GOLDEN,75444
HONEY GROVE,75446
IVANHOE,75447
KLONDIKE,75448
LADONIA,75449
LAKE CREEK,75450
LEESBURG,75451
LEONARD,75452
LONE OAK,75453
MELISSA,75454
MOUNT PLEASANT,75455
MOUNT PLEASANT,75456
MOUNT VERNON,75457
MERIT,75458
HOWE,75459
DORCHESTER,75459
PARIS,75460
PARIS,75461
PARIS,75462
RENO,75462
PATTONVILLE,75468
PECAN GAP,75469
PETTY,75470
PICKTON,75471
POINT,75472
POWDERLY,75473
QUINLAN,75474
WEST TAWAKONI,75474
RANDOLPH,75475
RAVENNA,75476
ROXTON,75477
SALTILLO,75478
SAVOY,75479
SCROGGINS,75480
SULPHUR BLUFF,75481
SULPHUR SPRINGS,75482
SULPHUR SPRINGS,75483
WESTMINSTER,75485
SUMNER,75486
TALCO,75487
TELEPHONE,75488
TOM BEAN,75489
TRENTON,75490
WHITEWRIGHT,75491
WINDOM,75492
WINFIELD,75493
WINNSBORO,75494
VAN ALSTYNE,75495
WOLFE CITY,75496
YANTIS,75497
TEXARKANA,75501
WAKE VILLAGE,75501
RED RIVER ARMY DEPOT,75501
SOUTH TEXARKANA,75501
TEXARKANA,75503
TEXARKANA,75504
TEXARKANA,75505
TEXARKANA,75507
ANNONA,75550
OFARRELL,75551
SMYRNA,75551
ATLANTA,75551
GALLOWAY,75551
AVERY,75554
WIGGINS,75555
BIVINS,75555
BLOOMBURG,75556
COOKVILLE,75558
ARGO,75558
COLLEGE HILL,75559
SILOAM,75559
BEAVER DAM,75559
DE KALB,75559
HODGSON,75559
DALBY SPRINGS,75559
UNION CHAPEL,75560
DOUGLASSVILLE,75560
SMITH HILL,75561
HOOKS,75561
LEARY,75561
BURNS,75561
VICTORY CITY,75561
BARKMAN,75561
REDBANK,75561
KILDARE,75562
LINDEN,75563
LANIER,75563
NEW COLONY,75563
CARTERVILLE,75563
LODI,75564
MCLEOD,75565
MC LEOD,75565
MARIETTA,75566
CARBONDALE,75567
MAUD,75567
CORLEY,75567
DALTON,75568
CORNETT,75568
BRYANS MILL,75568
ROCKY BRANCH,75568
NAPLES,75568
NASH,75569
OLD BOSTON,75570
BOSTON,75570
MALTA,75570
NEW BOSTON,75570
WHALEY,75570
OMAHA,75571
LANARK,75572
DOMINO,75572
SPRINGDALE,75572
QUEEN CITY,75572
REDWATER,75573
WARDS CREEK,75574
BASSETT,75574
SIMMS,75574
TEXARKANA,75599
TENNERYVILLE,75601
LONGVIEW,75601
LONGVIEW HEIGHTS,75601
PINEWOOD,75602
LONGVIEW,75602
LAKEPORT,75603
LONGVIEW,75603
GREGGTON,75604
LONGVIEW,75604
LONGVIEW,75605
GREGGTON,75605
LONGVIEW,75606
LONGVIEW,75607
LONGVIEW,75608
LONGVIEW,75615
WARLOCK,75630
AVINGER,75630
BECKVILLE,75631
GRAND BLUFF,75631
FAIR PLAY,75631
CARTHAGE,75633
CASON,75636
CLAYTON,75637
JENKINS,75638
DAINGERFIELD,75638
EAST SIDE,75639
DE BERRY,75639
HORTON,75639
DIANA,75640
ASHLAND,75640
NEW DIANA,75640
EASTON,75641
ELYSIAN FIELDS,75642
GARY,75643
GARY CITY,75643
SOULES CHAPEL,75644
KELSEY,75644
STAMPS,75644
DELROSE,75644
GRICE,75644
GILMER,75644
EAST MOUNTAIN,75644
EWELL,75644
SUFFOLK,75644
SIMMONSVILLE,75644
WILLOW OAK,75644
LATCH,75644
NEW MOUNTAIN,75644
COX,75644
UNION HILL,75644
GRACETON,75644
SEVEN PINES,75644
SAND HILL,75644
LONE MOUNTAIN,75644
ROSEWOOD,75644
INDIAN ROCK,75644
PERRYVILLE,75644
ENOCH,75644
MINGS CHAPEL,75644
GILMER,75645
GLADEWATER,75647
HALLSVILLE,75650
WALKERS MILL,75650
HARLETON,75651
MCKNIGHT,75652
HENDERSON,75652
LAKE CHEROKEE,75652
PINEHILL,75652
STEWART,75652
NEW SALEM,75652
PLEASANT GROVE,75652
GOOD SPRINGS,75652
CHURCH HILL,75652
CRIMCREST,75652
CHAPMAN,75652
CRAIG,75652
HENDERSON,75653
HENDERSON,75654
HUGHES SPRINGS,75656
JEFFERSON,75657
BEREA,75657
GRAY,75657
SMITHLAND,75657
JOINERVILLE,75658
JONESVILLE,75659
JUDSON,75660
UNCERTAIN,75661
KARNACK,75661
BALDWIN,75661
LEIGH,75661
KILGORE,75662
LIBERTY CITY,75662
KILGORE,75663
LAIRD HILL,75666
LANEVILLE,75667
PONE,75667
ANADARKO,75667
FUSSEL,75667
LONE STAR,75668
DOTSON,75669
LONG BRANCH,75669
DARCO,75670
BLOCKER,75670
GILL,75670
CAVE SPRINGS,75670
MARSHALL,75670
NESBITT,75670
GRANGE HALL,75670
MARSHALL,75671
MARSHALL,75672
HENDERSON,75680
MINDEN,75680
MOUNT ENTERPRISE,75681
OLD LONDON,75682
NEW LONDON,75682
ORE CITY,75683
WRIGHT CITY,75684
SEXTON CITY,75684
OVERTON,75684
LEVERETTS CHAPEL,75684
PIRTLE,75684
PITNER JUNCTION,75684
FRIAR,75684
JACOBS,75684
HARMONY,75684
PANOLA,75685
LATEX,75685
PITTSBURG,75686
COUNTY LINE,75686
NEW MINE,75686
FAKER,75686
PINE,75686
HARVARD,75686
BRUMLEY,75686
THOMAS,75686
EBENEZER,75686
BLODGETT,75686
MATINBURG,75686
LAFAYETTE,75686
PRICE,75687
SCOTTSVILLE,75688
SELMAN CITY,75689
TURNERTOWN,75689
TATUM,75691
DIRGIN,75691
WASKOM,75692
CLARKSVILLE CITY,75693
WHITE OAK,75693
WOODLAWN,75694
TYLER,75701
SAINT LOUIS,75701
TYLER,75702
TYLER,75703
SWAN,75704
TYLER,75704
OMEN,75705
BASCOM,75705
TYLER,75705
TYLER,75706
CHAPEL HILL,75707
TYLER,75707
TYLER,75708
TYLER,75709
TYLER,75710
TYLER,75711
TYLER,75712
TYLER,75713
ARP,75750
CRESCENT HEIGHTS,75751
TRI CITIES,75751
WALTON,75751
CARDINAL HALL,75751
BAXTER,75751
ATHENS,75751
ATHENS,75752
PRIMROSE,75754
FLATWOOD,75754
BEN WHEELER,75754
MARTINS MILLS,75754
EDOM,75754
HOLLY LAKE RANCH,75755
BIG SANDY,75755
RHONESBORO,75755
PRITCHETT,75755
BROWNSBORO,75756
OLD LARISSA,75757
MOUNT SELMAN,75757
BULLARD,75757
TEASELVILLE,75757
EMERALD BAY,75757
CHANDLER,75758
CUNEY,75759
CUSHING,75760
NOONDAY,75762
DOGWOOD CITY,75762
FLINT,75762
COFFEE CITY,75763
KICKAPOO,75763
BERRYVILLE,75763
FRANKSTON,75763
FRANKSTON LAKE,75763
FINCASTLE,75763
GALLATIN,75764
HOLLY LAKE RANCH,75765
HAWKINS,75765
JARVIS COLLEGE,75765
ENTERPRISE,75766
JACKSONVILLE,75766
COVE SPRING,75766
PINE HILL,75766
TECULA,75766
REESE,75766
LAKE JACKSONVILLE,75766
TURNEY,75766
PIERCES CHAPEL,75766
MOORE STATION,75770
NEW YORK,75770
LARUE,75770
GARDEN VALLEY,75771
LINDALE,75771
THEDFORD,75771
HIDE A WAY LAKE,75771
HIDE A WAY,75771
WOOD SPRINGS,75771
MOUNT SYLVAN,75771
MAYDELLE,75772
HAINESVILLE,75773
HOARD,75773
WEST MINEOLA,75773
MINEOLA,75773
MURCHISON,75778
OPELIKA,75778
LEAGUEVILLE,75778
NECHES,75779
NEW SUMMERFIELD,75780
POYNOR,75782
STORMVILLE,75783
QUITMAN,75783
ROCK HILL,75783
OAK GROVE,75783
REKLAW,75784
RUSK,75785
DIALVILLE,75785
SACUL,75788
HENRYS CHAPEL,75789
WALNUT GROVE,75789
GRIFFIN,75789
MIXON,75789
SINCLAIR CITY,75789
TROUP,75789
VAN,75790
WHITEHOUSE,75791
WATERS BLUFF,75792
WINONA,75792
STARRVILLE,75792
BIG SANDY,75797
TYLER,75798
TYLER,75799
PALESTINE,75801
ELMWOOD,75801
PALESTINE,75802
PALESTINE,75803
BUFFALO,75831
LANELY,75831
KEECHI,75831
FLO,75831
CAYUGA,75832
DAVISVILLE,75833
CENTERVILLE,75833
MIDDLETON,75833
GUYS STORE,75833
CENTERVIEW,75833
CENTRALIA,75834
MAPLETON,75835
HOPEWELL,75835
PORTER SPRINGS,75835
BELOTT,75835
CUT,75835
CROCKETT,75835
DONIE,75838
SALMON,75839
ELKHART,75839
SLOCUM,75839
WARD PRAIRIE,75840
YOUNG,75840
TURLINGTON,75840
GRINDSTONE,75840
FAIRFIELD,75840
WECHES,75844
MOUND CITY,75844
DENSON SPRING,75844
PERCILLA,75844
AUGUSTA,75844
REYNARD,75844
REFUGE,75844
GRAPELAND,75844
GROVETON,75845
FRIDAY,75845
TREVAT,75845
HELMIC,75845
LACY,75845
CRECY,75845
NOGALUS,75845
JOSSERAND,75845
JEWETT,75846
ROBBINS,75846
NEWBY,75846
KENNARD,75847
KIRVIN,75848
LATEXO,75849
LEONA,75850
MIDWAY,75850
LOVELADY,75851
MIDWAY,75852
ELWOOD,75852
BLACKFOOT,75853
MONTALBA,75853
SPRINGFIELD,75853
BRADFORD,75853
BUTLER,75855
OAKWOOD,75855
RED LAKE,75855
PENNINGTON,75856
RATCLIFF,75858
STEWARDS MILL,75859
WINKLER,75859
STREETMAN,75859
COTTON GIN,75860
CLAY HILL,75860
SIMSBORO,75860
FURNEY RICHARDSON,75860
TEAGUE,75860
YARD,75861
TENNESSEE COLONY,75861
MASSEY LAKE,75861
SEBASTOPOL,75862
CARLISLE,75862
KITTRELL,75862
GLENDALE,75862
CHITA,75862
PAGODA,75862
TRINITY,75862
WESTVILLE,75862
WOODLAKE,75865
TENNESSEE COLONY,75880
PALESTINE,75882
TENNESSEE COLONY,75884
TENNESSEE COLONY,75886
LUFKIN,75901
LUFKIN,75902
LUFKIN,75903
LUFKIN,75904
LUFKIN,75915
FOREST,75925
REDLAWN,75925
ALTO,75925
LINWOOD,75925
NIGTON,75926
APPLE SPRINGS,75926
NORTH CEDAR,75926
BON WIER,75928
BROADDUS,75929
ROSEVINE,75930
BRONSON,75930
BROOKELAND,75931
BROWNDELL,75931
TOLEDO,75932
SHANKLEVILLE,75932
BURKEVILLE,75932
SYCAMORE,75932
TROUT CREEK,75933
CALL,75933
OLD SALEM,75933
CAMDEN,75934
LILY ISLAND,75934
JAMES,75935
GOOD HOPE,75935
CHOICE,75935
SHORT,75935
WATERMAN,75935
EAST LIBERTY,75935
GRIGSBY,75935
JERICHO,75935
CAMPTI,75935
NEUVILLE,75935
CENTER,75935
CHESTER,75936
CHIRENO,75937
COLMESNEIL,75938
ROCKLAND,75938
CARMONA,75939
WAKEFIELD,75939
PLEASANT HILL,75939
CORRIGAN,75939
BARNUM,75939
PLUCK,75939
ASIA,75939
SNOW HILL,75939
SHADY GROVE,75941
DIBOLL,75941
PINE VALLEY,75941
DOUCETTE,75942
DOUGLASS,75943
ETOILE,75944
HIDDEN VALLEY,75946
GARRISON,75946
HENNING,75946
FITZE,75946
BRILEYTOWN,75946
EAST MAYFIELD,75948
HEMPHILL,75948
FAIRMOUNT,75948
FAIRDALE,75948
HUNTINGTON,75949
CURTIS,75951
ERIN,75951
HARRISBURG,75951
HOLLY SPRINGS,75951
BEECH GROVE,75951
JASPER,75951
JOAQUIN,75954
HASLAM,75954
PAXTON,75954
HANSON,75954
KIRBYVILLE,75956
ROGANVILLE,75956
MAGNOLIA SPRINGS,75956
BLEAKWOOD,75956
BON AMI,75956
MOUNT UNION,75956
MARTINSVILLE,75958
MILAM,75959
GENEVA,75959
MILDLAND,75959
MILANE,75959
MILAND,75959
BARNES,75960
MOSCOW,75960
NACOGDOCHES,75961
NACOGDOCHES,75962
STEPHEN F AUSTIN UNIVERSITY,75962
NACOGDOCHES,75963
NACOGDOCHES,75964
NACOGDOCHES,75965
NEWTON,75966
PINELAND,75968
REDTOWN,75969
CENTRAL,75969
POLLOK,75969
FORDS CORNER,75972
SAN AUGUSTINE,75972
DENNING,75972
WHITE ROCK,75972
SEXTON,75972
BLANDLAKE,75972
MACUNE,75972
NORWOOD,75972
PAULS STORE,75973
HALBERT,75973
ALEXANDERS STORE,75973
NEW HARMONY,75973
SHELBYVILLE,75973
PATROON,75973
HURSTOWN,75973
DREKA,75973
HUXLEY,75973
EAST HAMILTON,75973
JORDANS STORE,75973
GOOBER HILL,75973
WOODS,75974
RAMAH,75974
TENOKA,75974
FLAT FORK,75974
TENAHA,75974
MELDRUM,75974
SILAS,75975
EULALIE,75975
CALEDONIA,75975
ANTIOCH,75975
STOCKMAN,75975
TIMPSON,75975
WELLS,75976
MAYFLOWER,75977
MATTOX,75977
WIERGATE,75977
INDIAN HILL,75977
JAMESTOWN,75977
FARRSVILLE,75977
WODEN,75978
WOODVILLE,75979
TOWN BLUFF,75979
PEDIGO,75979
EMILEE,75979
DOGWOOD,75979
DIES,75979
ZAVALLA,75980
NANCY,75980
WOODVILLE,75990
ARLINGTON,76001
ARLINGTON,76002
ARLINGTON,76003
ARLINGTON,76004
ARLINGTON,76005
ARLINGTON,76006
ARLINGTON,76007
ALEDO,76008
ALVARADO,76009
ARLINGTON,76010
ARLINGTON,76011
ARLINGTON,76012
PANTEGO,76013
ARLINGTON,76013
ARLINGTON,76014
PANTEGO,76015
ARLINGTON,76015
ARLINGTON,76016
ARLINGTON,76017
ARLINGTON,76018
ARLINGTON,76019
PELICAN BAY,76020
AZLE,76020
BEDFORD,76021
BEDFORD,76022
BOYD,76023
BURLESON,76028
CLEBURNE,76031
CLEBURNE,76033
COLLEYVILLE,76034
CRESSON,76035
CROWLEY,76036
EULESS,76039
EULESS,76040
FORRESTON,76041
GLEN ROSE,76043
GODLEY,76044
GRANBURY,76048
ACTON,76049
GRANBURY,76049
GRANDVIEW,76050
GRAPEVINE,76051
HASLET,76052
HURST,76053
HURST,76054
ITASCA,76055
JOSHUA,76058
KEENE,76059
KENNEDALE,76060
LILLIAN,76061
MANSFIELD,76063
MAYPEARL,76064
MIDLOTHIAN,76065
MILLSAP,76066
SALESVILLE,76067
MINERAL WELLS,76067
FORT WOLTERS,76067
MINERAL WELLS,76068
NEMO,76070
NEWARK,76071
PARADISE,76073
RAINBOW,76077
AURORA,76078
RHOME,76078
SPRINGTOWN,76082
VENUS,76084
WEATHERFORD,76085
WILLOW PARK,76086
WEATHERFORD,76086
HUDSON OAKS,76087
WILLOW PARK,76087
BROCK,76087
WEATHERFORD,76087
WEATHERFORD,76088
GRAPEVINE,76092
SOUTHLAKE,76092
RIO VISTA,76093
ARLINGTON,76094
BEDFORD,76095
ARLINGTON,76096
BURLESON,76097
AZLE,76098
GRAPEVINE,76099
FORT WORTH,76101
FORT WORTH,76102
FORT WORTH,76103
FORT WORTH,76104
FORT WORTH,76105
FORT WORTH,76106
WESTOVER HILLS,76107
FORT WORTH,76107
WHITE SETTLEMENT,76108
FORT WORTH,76108
LAKESIDE,76108
FORT WORTH,76109
BENBROOK,76109
FORT WORTH,76110
HALTOM CITY,76111
FORT WORTH,76111
FORT WORTH,76112
FORT WORTH,76113
FORT WORTH,76114
OAKS,76114
RIVER OAKS,76114
WESTWORTH VILLAGE,76114
SANSOM PARK,76114
FORT WORTH,76115
BENBROOK,76116
FORT WORTH,76116
FORT WORTH,76117
HALTOM CITY,76117
RICHLAND HILLS,76118
FORT WORTH,76118
NORTH RICHLAND HILLS,76118
FORT WORTH,76119
FOREST HILL,76119
FORT WORTH,76120
FORT WORTH,76121
FORT WORTH,76122
FORT WORTH,76123
FORT WORTH,76124
BENBROOK,76126
FORT WORTH,76126
NAVAL AIR STATION/JRB,76127
FORT WORTH,76127
FORT WORTH,76129
FORT WORTH,76130
SAGINAW,76131
FORT WORTH,76131
BLUE MOUND,76131
FORT WORTH,76132
BENBROOK,76132
FORT WORTH,76133
FORT WORTH,76134
LAKE WORTH,76135
FORT WORTH,76135
LAKESIDE,76135
LAKE WORTH,76136
FORT WORTH,76136
HALTOM CITY,76137
FORT WORTH,76137
EVERMAN,76140
FOREST HILL,76140
FORT WORTH,76140
FORT WORTH,76147
FORT WORTH,76148
WATAUGA,76148
HALTOM CITY,76148
FORT WORTH,76150
FORT WORTH,76155
FORT WORTH,76161
FORT WORTH,76162
FORT WORTH,76163
FORT WORTH,76164
FORT WORTH,76177
FORT WORTH,76179
SAGINAW,76179
NORTH RICHLAND HILLS,76180
FORT WORTH,76180
RICHLAND HILLS,76180
HALTOM CITY,76180
FORT WORTH,76181
FORT WORTH,76182
NORTH RICHLAND HILLS,76182
FORT WORTH,76185
FORT WORTH,76191
FORT WORTH,76192
FORT WORTH,76193
FORT WORTH,76195
FORT WORTH,76196
FORT WORTH,76197
FORT WORTH,76198
FORT WORTH,76199
DENTON,76201
DENTON,76202
DENTON,76203
DENTON,76204
SHADY SHORES,76205
DENTON,76205
DENTON,76206
DENTON,76207
DENTON,76208
SHADY SHORES,76208
CORINTH,76208
DENTON,76209
DENTON,76210
CORINTH,76210
ALVORD,76225
CORRAL CITY,76226
LANTANA,76226
ARGYLE,76226
BARTONVILLE,76226
AUBREY,76227
KRUGERVILLE,76227
SAVANNAH,76227
CROSSROADS,76227
PROVIDENCE VILLAGE,76227
BELLEVUE,76228
FRUITLAND,76230
BOWIE,76230
STONEBURG,76230
POSTOAK,76230
NEWPORT,76230
COLLINSVILLE,76233
DECATUR,76234
ERA,76238
FORESTBURG,76239
CALLISBURG,76240
LAKE KIOWA,76240
GAINESVILLE,76240
GAINESVILLE,76241
KELLER,76244
GORDONVILLE,76245
GREENWOOD,76246
JUSTIN,76247
KELLER,76248
KRUM,76249
LINDSAY,76250
MONTAGUE,76251
MUENSTER,76252
MYRA,76253
NOCONA,76255
PILOT POINT,76258
PONDER,76259
RINGGOLD,76261
WESTLAKE,76262
TROPHY CLUB,76262
ROANOKE,76262
ROSSTON,76263
SADLER,76264
SAINT JO,76265
SANGER,76266
SLIDELL,76267
SOUTHMAYD,76268
SUNSET,76270
TIOGA,76271
VALLEY VIEW,76272
WHITESBORO,76273
ROANOKE,76299
WICHITA FALLS,76301
WICHITA FALLS,76302
WICHITA FALLS,76305
WICHITA FALLS,76306
WICHITA FALLS,76307
LAKESIDE CITY,76308
WICHITA FALLS,76308
WICHITA FALLS,76309
WICHITA FALLS,76310
SHEPPARD AFB,76311
WICHITA FALLS,76311
ARCHER CITY,76351
BLUEGROVE,76352
BURKBURNETT,76354
BYERS,76357
ELECTRA,76360
GOREE,76363
HARROLD,76364
HENRIETTA,76365
HOLLIDAY,76366
DUNDEE,76366
IOWA PARK,76367
KAMAY,76369
MEGARGEL,76370
MUNDAY,76371
ELBERT,76372
NEWCASTLE,76372
OKLAUNION,76373
OLNEY,76374
PETROLIA,76377
SCOTLAND,76379
SEYMOUR,76380
VERNON,76384
VERNON,76385
WEINERT,76388
ANTELOPE,76389
WINDTHORST,76389
STEPHENVILLE,76401
STEPHENVILLE,76402
BRECKENRIDGE,76424
RUNAWAY BAY,76426
LAKE BRIDGEPORT,76426
BRIDGEPORT,76426
BRYSON,76427
CADDO,76429
ALBANY,76430
CHICO,76431
BLANKET,76432
BLUFF DALE,76433
CARBON,76435
CARLTON,76436
CISCO,76437
DENNIS,76439
COMANCHE,76442
HASSE,76442
CROSS PLAINS,76443
DE LEON,76444
DESDEMONA,76445
DUBLIN,76446
EASTLAND,76448
GRAFORD,76449
GRAHAM,76450
ENERGY,76452
GORDON,76453
GORMAN,76454
GUSTINE,76455
HICO,76457
DUFFAU,76457
JACKSBORO,76458
JERMYN,76459
LOVING,76460
LINGLEVILLE,76461
LIPAN,76462
MINGUS,76463
MORAN,76464
MORGAN MILL,76465
OLDEN,76466
PALUXY,76467
PROCTOR,76468
PUTNAM,76469
RANGER,76470
RISING STAR,76471
SANTO,76472
SIDNEY,76474
STRAWN,76475
TOLAR,76476
ELIASVILLE,76481
SOUTH BEND,76481
THROCKMORTON,76483
PALO PINTO,76484
PEASTER,76485
PERRIN,76486
POOLVILLE,76487
WHITT,76490
WOODSON,76491
RATIBOR,76501
TEMPLE,76501
ZABCIKVILLE,76501
OENAVILLE,76501
MOFFATT,76501
OSCAR,76501
SEATON,76501
TEMPLE,76502
TEMPLE,76503
TEMPLE,76504
TEMPLE,76505
TEMPLE,76508
BARTLETT,76511
BELTON,76513
MORGANS POINT,76513
VAL VERDE,76518
BUCKHOLTS,76518
SOUTH ELM,76518
SHARP,76518
YARRELTON,76518
MEEKS,76519
CYCLONE,76519
BURLINGTON,76519
BEN ARNOLD,76519
CAMERON,76520
MAYSFIELD,76520
PETTIBONE,76520
CROSS ROADS,76520
HOYTE,76520
JONES PRAIRIE,76520
TOPSEY,76522
COPPERAS COVE,76522
DAVILLA,76523
EDDY,76524
DOT,76524
CEGO,76524
BLEVINS,76524
BEE HOUSE,76525
EVANT,76525
FLAT,76526
FLORENCE,76527
LEVITA,76528
ARNETT,76528
ATER,76528
IZORO,76528
FORT GATES,76528
GATESVILLE,76528
MOUNTAIN,76528
LEON JUNCTION,76528
PIDCOKE,76528
FRIENDSHIP,76530
GRANGER,76530
HAMILTON,76531
INDIAN GAP,76531
SHIVE,76531
HEIDENHEIMER,76533
HOLLAND,76534
VILAS,76534
SPARKS,76534
NEW CORN HILL,76537
THEON,76537
JARRELL,76537
JONESBORO,76538
PANCAKE,76538
IRELAND,76538
LANHAM,76538
RUMLEY,76539
KEMPNER,76539
KILLEEN,76540
KILLEEN,76541
KILLEEN,76542
MAXDALE,76542
HARKER HEIGHTS,76542
YOUNGSPORT,76542
KILLEEN,76543
HARKER HEIGHTS,76543
CHAFFEE VILLAGE,76544
MONTAGUE VILLAGE,76544
CLEAR CREEK,76544
FORT HOOD,76544
MCNAIR VILLAGE,76544
KILLEEN,76544
KILLEEN,76545
KILLEEN,76546
KILLEEN,76547
HARKER HEIGHTS,76548
KILLEEN,76548
KILLEEN,76549
LAMPASAS,76550
NARUNA,76550
NIX,76550
WATSON,76550
LAKE VICTOR,76550
ACADEMY,76554
LITTLE RIVER ACADEMY,76554
MILANO,76556
STAMPEDE,76557
MOODY,76557
WILLOW GROVE,76557
MEADOR GROVE,76557
WHITSON,76557
WHITE HALL,76557
MOUND,76558
NOLANVILLE,76559
PECANGROVE,76561
CAVITT,76561
OGLESBY,76561
PENDLETON,76564
POTTSVILLE,76565
SOUTH PURMELA,76566
PURMELA,76566
ROCKDALE,76567
MINERVA,76567
SALTY,76567
PRAESEL,76567
EDGEWORTH,76569
RED RANGER,76569
ROGERS,76569
LEEDALE,76569
ZIPPERLENVILLE,76570
BRIARY,76570
NEW CLARKSON,76570
BAILEYVILLE,76570
TERRYS CHAPEL,76570
ROSEBUD,76570
WILDERVILLE,76570
CEDAR SPRINGS,76570
PRAIRIE DELL,76571
SALADO,76571
SCHWERTNER,76573
SANDOVAL,76574
RICES CROSSING,76574
NOACK,76574
TAYLOR,76574
LANEPORT,76574
FRAME SWITCH,76574
HARE,76574
NORMANS CROSSING,76574
HOXIE,76574
WATERLOO,76574
GANO,76577
DETMOLD,76577
LILAC,76577
SAN GABRIEL,76577
NILE,76577
THORNDALE,76577
THRALL,76578
BELFALLS,76579
TROY,76579
GATESVILLE,76596
GATESVILLE,76597
GATESVILLE,76598
GATESVILLE,76599
ABBOTT,76621
MENLOW,76621
AQUILLA,76622
AVALON,76623
ELK,76624
BILLINGTON,76624
AXTELL,76624
BLOOMING GROVE,76626
BLUM,76627
BRANDON,76628
HAMMOND,76629
PETTEWAY,76629
BREMOND,76629
TIDWELL PRAIRIE,76629
BRUCEVILLE EDDY,76630
BRUCEVILLE,76630
BYNUM,76631
NORTH PRAIRIE,76632
MOORESVILLE,76632
CHILTON,76632
CHINA SPRING,76633
WOMACK,76634
LAKEWOOD HARBOR,76634
LAGUNA PARK,76634
HURST SPRINGS,76634
NORSE,76634
CLIFTON,76634
SMITHS BEND,76634
COOLIDGE,76635
ECHOLS,76635
MUSTANG,76635
COVINGTON,76636
CRANFILLS GAP,76637
OCEE,76638
CRAWFORD,76638
DAWSON,76639
SPRINGHILL,76639
ELM MOTT,76640
EMMETT,76641
FROST,76641
GROESBECK,76642
BOX CHURCH,76642
THELMA,76642
HEWITT,76643
LAGUNA PARK,76644
CLIFTON,76644
HILLSBORO,76645
PEORIA,76645
WINSLOW,76645
LOVELACE,76645
CHAT,76645
VAUGHAN,76645
WOODBURY,76645
HUBBARD,76648
PELHAM,76648
IREDELL,76649
IRENE,76650
ITALY,76651
KOPPERL,76652
EULOGY,76652
BRAZOS POINT,76652
KIMBALL,76652
DENNY,76653
HEADSVILLE,76653
ALTO SPRINGS,76653
KOSSE,76653
LEROY,76654
GOLINDA,76655
LORENA,76655
ROSENTHAL,76655
LEVI,76655
GOODVILLE,76656
BARCLAY,76656
WESTPHALIA,76656
LOTT,76656
TRAVIS,76656
DURANGO,76656
MC GREGOR,76657
MCGREGOR,76657
MALONE,76660
ROCKY HILL,76661
MCCLANAHAN,76661
MARLIN,76661
BEN HUR,76664
KIRK,76664
WATT,76664
MART,76664
MERIDIAN,76665
MERTENS,76666
MEXIA,76667
SHILOH,76667
POINT ENTERPRISE,76667
FOREST GLADE,76667
PRAIRIE GROVE,76667
FALLON,76667
IVERSON,76670
MILFORD,76670
POESVILLE,76671
LAKESIDE VILLAGE,76671
MORGAN,76671
BIROME,76673
MOUNT CALM,76673
PENELOPE,76676
PRAIRIE HILL,76678
JESTER,76679
PURSLEY,76679
PURDON,76679
NAVARRO MILLS,76679
SILVER CITY,76679
ELOISE,76680
REAGAN,76680
RICHLAND,76681
RIESEL,76682
OTTO,76682
PERRY,76682
ROSS,76684
SATIN,76685
TEHUACANA,76686
THORNTON,76687
OLD UNION,76687
ODDS,76687
DAVIS PRAIRIE,76687
BIGHILL,76687
OLETHA,76687
MOSHEIM,76689
VALLEY MILLS,76689
WALNUT SPRINGS,76690
WEST,76691
TOURS,76691
ROGERS HILL,76691
WHITNEY,76692
CURRIE,76693
WORTHAM,76693
WACO,76701
WACO,76702
WACO,76703
BELLMEAD,76704
WACO,76704
WACO,76705
NORTHCREST,76705
BELLMEAD,76705
GHOLSON,76705
HALLSBURG,76705
LACY LAKEVIEW,76705
WACO,76706
ROBINSON,76706
WACO,76707
WACO,76708
BOSQUEVILLE,76708
ROCK CREEK,76708
WACO,76710
SPEEGLEVILLE,76710
BEVERLY HILLS,76711
WACO,76711
WOODWAY,76712
WACO,76712
WACO,76714
WACO,76715
WACO,76716
WACO,76795
WACO,76797
WACO,76798
WACO,76799
GROSVENOR,76801
BROWNWOOD,76801
SHAMROCK SHORES,76801
LAKE BROWNWOOD,76801
THRIFTY,76801
LAKE SHORE,76801
INDIAN CREEK,76801
BROWNWOOD,76802
EARLY,76802
BROWNWOOD,76803
BROWNWOOD,76804
ART,76820
BETHEL,76821
BLANTON,76821
PONY,76821
BALLINGER,76821
BANGS,76823
BEND,76824
BRADY,76825
KATEMCY,76825
CALF CREEK,76825
FIFE,76825
BROOKESMITH,76827
BURKETT,76828
CASTELL,76831
CHEROKEE,76832
MOZELLE,76834
ECHO,76834
SILVER VALLEY,76834
FISK,76834
COLEMAN,76834
DOOLE,76836
EDEN,76837
FORT MC KAVETT,76841
FREDONIA,76842
CARADAN,76844
GOLDTHWAITE,76844
GOULDBUSK,76845
HEXT,76848
JUNCTION,76849
SEGOVIA,76849
LOHN,76852
WALDRIP,76852
PEAR VALLEY,76852
SCALLORN,76853
LOMETA,76853
LONDON,76854
LOWAKE,76855
STREETER,76856
MASON,76856
MAY,76857
MELVIN,76858
MENARD,76859
MILES,76861
MILLERSVIEW,76862
MULLIN,76864
NORTON,76865
PAINT ROCK,76866
PONTOTOC,76869
PRIDDY,76870
RICHLAND SPRINGS,76871
ROCHELLE,76872
ROCKWOOD,76873
ROOSEVELT,76874
ROWENA,76875
SAN SABA,76877
ALGERITA,76877
HARKEYVILLE,76877
SANTA ANNA,76878
WHON,76878
STAR,76880
TALPA,76882
TELEGRAPH,76883
VALERA,76884
VALLEY SPRING,76885
VERIBEST,76886
VOCA,76887
VALERA,76888
LEADAY,76888
VOSS,76888
ZEPHYR,76890
SAN ANGELO,76901
GRAPE CREEK,76901
SAN ANGELO,76902
SAN ANGELO,76903
SAN ANGELO,76904
SAN ANGELO,76905
SAN ANGELO,76906
SAN ANGELO,76908
GOODFELLOW AFB,76908
SAN ANGELO,76909
BARNHART,76930
BIG LAKE,76932
BEST,76932
TEXON,76932
BRONTE,76933
CARLSBAD,76934
CHRISTOVAL,76935
ELDORADO AFS,76936
ELDORADO,76936
EOLA,76937
KNICKERBOCKER,76939
MERETA,76940
SHERWOOD,76941
MERTZON,76941
OZONA,76943
ROBERT LEE,76945
SILVER,76949
SONORA,76950
STERLING CITY,76951
TENNYSON,76953
VANCOURT,76955
WALL,76957
WATER VALLEY,76958
HOUSTON,77001
HOUSTON,77002
CLUTCH CITY,77002
HOUSTON,77003
HOUSTON,77004
HOUSTON,77005
WEST UNIVERSITY PLACE,77005
SOUTHSIDE PLACE,77005
HOUSTON,77006
HOUSTON,77007
HEIGHTS,77008
HOUSTON,77008
HOUSTON HEIGHTS,77008
HOUSTON,77009
HOUSTON,77010
HOUSTON,77011
HOUSTON,77012
HOUSTON,77013
HOUSTON,77014
HOUSTON,77015
GREENS BAYOU,77015
CLOVERLEAF,77015
HOUSTON,77016
HOUSTON,77017
HOUSTON,77018
HOUSTON,77019
HOUSTON,77020
HOUSTON,77021
HOUSTON,77022
HOUSTON,77023
BUNKER HILL VILLAGE,77024
SPRING VALLEY,77024
PINEY POINT,77024
HEDWIG VILLAGE,77024
MEMORIAL PARK,77024
HOUSTON,77024
HUNTERS CREEK VILLAGE,77024
ASTRODOME,77025
HOUSTON,77025
ASTROWORLD,77025
HOUSTON,77026
HOUSTON,77027
HOUSTON,77028
SHELDON,77028
HOUSTON,77029
HOUSTON,77030
HOUSTON,77031
HOUSTON,77032
HOUSTON,77033
HOUSTON,77034
HOUSTON,77035
HOUSTON,77036
SHARPSTOWN,77036
HOUSTON,77037
HOUSTON,77038
ALDINE,77039
HOUSTON,77039
JERSEY VILLAGE,77040
BAMMEL,77040
HOUSTON,77040
SATSUMA,77040
KOHRVILLE,77040
HOUSTON,77041
JERSEY VILLAGE,77041
HOUSTON,77042
HOUSTON,77043
HOUSTON,77044
HOUSTON,77045
TRAMMELLS,77045
HOUSTON,77046
GREENWAY PLAZA,77046
HOUSTON,77047
HOUSTON,77048
HOUSTON,77049
HOUSTON,77050
HOUSTON,77051
HOUSTON,77052
HOUSTON,77053
HOUSTON,77054
HILSHIRE VILLAGE,77055
HOUSTON,77055
HOUSTON,77056
HOUSTON,77057
NASSAU BAY,77058
CLEAR LAKE CITY,77058
HOUSTON,77058
HOUSTON,77059
HOUSTON,77060
HOUSTON,77061
HOUSTON,77062
HOUSTON,77063
HOUSTON,77064
JERSEY VILLAGE,77065
HOUSTON,77065
HOUSTON,77066
HOUSTON,77067
HOUSTON,77068
HOUSTON,77069
HOUSTON,77070
HOUSTON,77071
HOUSTON,77072
HOUSTON,77073
HOUSTON,77074
HOUSTON,77075
HOUSTON,77076
HOUSTON,77077
HOUSTON,77078
HOUSTON,77079
ADDICKS,77079
HOUSTON,77080
HOUSTON,77081
HOUSTON,77082
HOUSTON,77083
ADDICKS BARKER,77084
HOUSTON,77084
HOUSTON,77085
HOUSTON,77086
HOUSTON,77087
HOUSTON,77088
HOUSTON,77089
HOUSTON,77090
HOUSTON,77091
HOUSTON,77092
HOUSTON,77093
HOUSTON,77094
HOUSTON,77095
HOUSTON,77096
HOUSTON,77097
HOUSTON,77098
HOUSTON,77099
HOUSTON,77201
HOUSTON,77202
HOUSTON,77203
HOUSTON,77204
HOUSTON,77205
HOUSTON,77206
HOUSTON,77207
HOUSTON,77208
HOUSTON,77209
HOUSTON,77210
HOUSTON,77212
HOUSTON,77213
HOUSTON,77215
HOUSTON,77216
HOUSTON,77217
HOUSTON,77218
HOUSTON,77219
HOUSTON,77220
HOUSTON,77221
HOUSTON,77222
HOUSTON,77223
MEMORIAL PARK,77224
HOUSTON,77224
HOUSTON,77225
HOUSTON,77226
HOUSTON,77227
HOUSTON,77228
HOUSTON,77229
HOUSTON,77230
HOUSTON,77231
HOUSTON,77233
HOUSTON,77234
HOUSTON,77235
HOUSTON,77236
HOUSTON,77237
HOUSTON,77238
HOUSTON,77240
HOUSTON,77241
HOUSTON,77242
HOUSTON,77243
HOUSTON,77244
HOUSTON,77245
HOUSTON,77246
HOUSTON,77247
HOUSTON,77248
HOUSTON,77249
HOUSTON,77250
HOUSTON,77251
HOUSTON,77252
HOUSTON,77253
HOUSTON,77254
HOUSTON,77255
HOUSTON,77256
HOUSTON,77257
NASSAU BAY,77258
HOUSTON,77258
HOUSTON,77259
HOUSTON,77260
HOUSTON,77261
HOUSTON,77262
HOUSTON,77263
HOUSTON,77265
HOUSTON,77266
HOUSTON,77267
HOUSTON,77268
HOUSTON,77269
HOUSTON,77270
HOUSTON,77271
HOUSTON,77272
HOUSTON,77273
HOUSTON,77274
HOUSTON,77275
HOUSTON,77276
HOUSTON,77277
HOUSTON,77278
MEMORIAL PARK,77279
HOUSTON,77279
HOUSTON,77280
HOUSTON,77282
HOUSTON,77284
HOUSTON,77285
HOUSTON,77286
HOUSTON,77287
HOUSTON,77288
HOUSTON,77289
HOUSTON,77290
HOUSTON,77291
HOUSTON,77292
HOUSTON,77293
HOUSTON,77294
HOUSTON,77296
HOUSTON,77297
HOUSTON,77298
HOUSTON,77299
LAKELAND,77301
TAMINA,77301
CONROE,77301
CAMP STRAKE,77301
BEACH,77301
GRANGERLAND,77302
CONROE,77302
CONROE,77303
CUT AND SHOOT,77303
CONROE,77304
PANORAMA VILLAGE,77304
CONROE,77305
CUT AND SHOOT,77306
CONROE,77306
NORTH HOUSTON,77315
MONTGOMERY,77316
PANORAMA VILLAGE,77318
WILLIS,77318
HUNTSVILLE,77320
HUMBLE,77325
KINGWOOD,77325
ACE,77326
CLARK,77327
PLUM GROVE,77327
EVERGREEN,77327
SECURITY,77327
TARKINGTON PRAIRIE,77327
MIDLINE,77327
RAYBURN,77327
NORTH CLEVELAND,77327
EVERITT,77327
CLEVELAND,77327
CLEVELAND,77328
STEPHEN CREEK,77331
WILLOW SPRINGS,77331
CAMILLA,77331
COLDSPRING,77331
DALLARDSVILLE,77332
DOBBIN,77333
BOBVILLE,77333
DODGE,77334
GOODRICH,77335
HUFFMAN,77336
TOMBALL,77337
HUFSMITH,77337
BORDERSVILLE,77338
